John Smith, Emily Johnson, Michael Brown
David Wilson, Sarah Miller, James Taylor
Jessica Davis, Daniel Moore, Olivia White
William Harris, Sophia Martin, Chloe Lewis
Benjamin Thompson, Emma Walker, Isabella Hall
Christopher Young, Charlotte King, Amelia Wright
Matthew Scott, Abigail Green, Joshua Adams
Nathan Baker, Elizabeth Nelson, Jacob Carter
Lucas Evans, Natalie Mitchell, Samuel Hill
Grace Clark, Ryan Allen, Victoria Roberts
Andrew Turner, Megan Phillips, Ethan Parker
Madison Campbell, Lauren Torres, Hannah Foster
Jonathan Rivera, Julia Howard, Elijah Murphy
Isabelle Hughes, Nicholas Wood, Lily Peterson
Henry Jenkins, ,
